<?xml version="1.0"?>
<vehicle>
    <ClassID>3</ClassID>
    <DisplayOrder>0</DisplayOrder>
    <Name>Lifting-Wing</Name>
    <Scale>
        <x>1.0</x>
        <y>1.0</y>
        <z>1.0</z>
    </Scale>
    <AngEulerDeg>
        <roll>0</roll>
        <pitch>19</pitch>
        <yaw>0</yaw>
    </AngEulerDeg>
    <body>
        <isAnimationMesh>0</isAnimationMesh>
        <MeshPath>/Rfly3DSimPlugin/LW/lw_body_nomotor</MeshPath>
        <MaterialPath></MaterialPath>
        <AnimationPath></AnimationPath>
        <CenterHeightAboveGroundCm>10</CenterHeightAboveGroundCm>
        <NumberHeigthAboveCenterCm>10</NumberHeigthAboveCenterCm>
    </body>
    <ActuatorList>
        <Actuator>
            <MeshPath>/Rfly3DSimPlugin/LW/lw_pro1</MeshPath>
            <MaterialPath></MaterialPath>
            <RelativePosToBodyCm>
                <x>23.2560</x>
                <y>21.6080</y>
                <z>-10.3000</z>
            </RelativePosToBodyCm>
            <RelativeAngEulerToBodyDeg>
                <roll>0</roll>
                <pitch>-34</pitch>
                <yaw>0</yaw>
            </RelativeAngEulerToBodyDeg>
            <RotationAxisVectorToBody>
                <x>0</x>
                <y>0</y>
                <z>1</z>
            </RotationAxisVectorToBody>
            <RotationModeSpinOrDefect>0</RotationModeSpinOrDefect>
        </Actuator>
        <Actuator>
            <MeshPath>/Rfly3DSimPlugin/LW/lw_pro2</MeshPath>
            <MaterialPath></MaterialPath>
            <RelativePosToBodyCm>
                <x>-20.5440</x>
                <y>-21.5920</y>
                <z>19.2000</z>
            </RelativePosToBodyCm>
            <RelativeAngEulerToBodyDeg>
                <roll>0</roll>
                <pitch>-34</pitch>
                <yaw>0</yaw>
            </RelativeAngEulerToBodyDeg>
            <RotationAxisVectorToBody>
                <x>0</x>
                <y>0</y>
                <z>1</z>
            </RotationAxisVectorToBody>
            <RotationModeSpinOrDefect>0</RotationModeSpinOrDefect>
        </Actuator>
         <Actuator>
            <MeshPath>/Rfly3DSimPlugin/LW/lw_pro3</MeshPath>
            <MaterialPath></MaterialPath>
            <RelativePosToBodyCm>
                <x>23.2560</x>
                <y>-21.5920</y>
                <z>-10.4000</z>
            </RelativePosToBodyCm>
            <RelativeAngEulerToBodyDeg>
                <roll>0</roll>
                <pitch>-34</pitch>
                <yaw>0</yaw>
            </RelativeAngEulerToBodyDeg>
            <RotationAxisVectorToBody>
                <x>0</x>
                <y>0</y>
                <z>1</z>
            </RotationAxisVectorToBody>
            <RotationModeSpinOrDefect>0</RotationModeSpinOrDefect>
        </Actuator>
        <Actuator>
            <MeshPath>/Rfly3DSimPlugin/LW/lw_pro4</MeshPath>
            <MaterialPath></MaterialPath>
            <RelativePosToBodyCm>
                <x>-20.6440</x>
                <y>21.6080</y>
                <z>19.2000</z>
            </RelativePosToBodyCm>
            <RelativeAngEulerToBodyDeg>
                <roll>0</roll>
                <pitch>-34</pitch>
                <yaw>0</yaw>
            </RelativeAngEulerToBodyDeg>
            <RotationAxisVectorToBody>
                <x>0</x>
                <y>0</y>
                <z>1</z>
            </RotationAxisVectorToBody>
            <RotationModeSpinOrDefect>0</RotationModeSpinOrDefect>
        </Actuator>
        <Actuator>
            <MeshPath>/Rfly3DSimPlugin/LW/lw_leftaileron</MeshPath>
            <MaterialPath></MaterialPath>
            <RelativePosToBodyCm>
                <x>-10.3815</x>
                <y>-35.7200</y>
                <z>1.9475</z>
            </RelativePosToBodyCm>
            <RelativeAngEulerToBodyDeg>
                <roll>0</roll>
                <pitch>0</pitch>
                <yaw>0</yaw>
            </RelativeAngEulerToBodyDeg>
            <RotationAxisVectorToBody>
                <x>0.2405</x>
                <y>0.9704</y>
                <z>0.0221</z>
            </RotationAxisVectorToBody>
            <RotationModeSpinOrDefect>1</RotationModeSpinOrDefect>
        </Actuator>
        <Actuator>
            <MeshPath>/Rfly3DSimPlugin/LW/lw_rightaileron</MeshPath>
            <MaterialPath></MaterialPath>
            <RelativePosToBodyCm>
                <x>-10.3815</x>
                <y>35.7200</y>
                <z>1.9475</z>
            </RelativePosToBodyCm>
            <RelativeAngEulerToBodyDeg>
                <roll>0</roll>
                <pitch>0</pitch>
                <yaw>0</yaw>
            </RelativeAngEulerToBodyDeg>
            <RotationAxisVectorToBody>
                 <x>-0.2405</x>
                <y>0.9704</y>
                <z>-0.0221</z>
            </RotationAxisVectorToBody>
            <RotationModeSpinOrDefect>1</RotationModeSpinOrDefect>
        </Actuator>
        <Actuator>
            <MeshPath>/Rfly3DSimPlugin/LW/lw_motors</MeshPath>
            <MaterialPath></MaterialPath>
            <RelativePosToBodyCm>
                <x>-0.3590</x>
                <y>0.0080</y>
                <z>1.9740</z>
            </RelativePosToBodyCm>
            <RelativeAngEulerToBodyDeg>
                <roll>0</roll>
                <pitch>0</pitch>
                <yaw>0</yaw>
            </RelativeAngEulerToBodyDeg>
            <RotationAxisVectorToBody>
                <x>0</x>
                <y>0</y>
                <z>1</z>
            </RotationAxisVectorToBody>
            <RotationModeSpinOrDefect>2</RotationModeSpinOrDefect>
        </Actuator>
    </ActuatorList>
    <OnboardCameras>
        <camera>
            <name>Chase_Camera</name>
            <RelativePosToBodyCm>
                <x>-80</x>
                <y>0</y>
                <z>5</z>
            </RelativePosToBodyCm>
            <RelativeAngEulerToBodyDeg>
                <roll>0</roll>
                <pitch>0</pitch>
                <yaw>0</yaw>
            </RelativeAngEulerToBodyDeg>
        </camera>
        <camera>
            <name>Front_Camera</name>
            <RelativePosToBodyCm>
                <x>20</x>
                <y>0</y>
                <z>0</z>
            </RelativePosToBodyCm>
            <RelativeAngEulerToBodyDeg>
                <roll>0</roll>
                <pitch>0</pitch>
                <yaw>0</yaw>
            </RelativeAngEulerToBodyDeg>
        </camera>
        <camera>
            <name>Back_Camera</name>
            <RelativePosToBodyCm>
                <x>-20</x>
                <y>0</y>
                <z>0</z>
            </RelativePosToBodyCm>
            <RelativeAngEulerToBodyDeg>
                <roll>0</roll>
                <pitch>0</pitch>
                <yaw>180</yaw>
            </RelativeAngEulerToBodyDeg>
        </camera>
        <camera>
            <name>Right_Camera</name>
            <RelativePosToBodyCm>
                <x>0</x>
                <y>20</y>
                <z>0</z>
            </RelativePosToBodyCm>
            <RelativeAngEulerToBodyDeg>
                <roll>0</roll>
                <pitch>0</pitch>
                <yaw>90</yaw>
            </RelativeAngEulerToBodyDeg>
        </camera>
        <camera>
            <name>Left_Camera</name>
            <RelativePosToBodyCm>
                <x>0</x>
                <y>-20</y>
                <z>0</z>
            </RelativePosToBodyCm>
            <RelativeAngEulerToBodyDeg>
                <roll>0</roll>
                <pitch>0</pitch>
                <yaw>-90</yaw>
            </RelativeAngEulerToBodyDeg>
        </camera>
        <camera>
            <name>Down_Camera</name>
            <RelativePosToBodyCm>
                <x>0</x>
                <y>0</y>
                <z>-20</z>
            </RelativePosToBodyCm>
            <RelativeAngEulerToBodyDeg>
                <roll>0</roll>
                <pitch>-90</pitch>
                <yaw>0</yaw>
            </RelativeAngEulerToBodyDeg>
        </camera>
        <camera>
            <name>Up_Camera</name>
            <RelativePosToBodyCm>
                <x>0</x>
                <y>0</y>
                <z>20</z>
            </RelativePosToBodyCm>
            <RelativeAngEulerToBodyDeg>
                <roll>0</roll>
                <pitch>90</pitch>
                <yaw>0</yaw>
            </RelativeAngEulerToBodyDeg>
        </camera>
    </OnboardCameras>
</vehicle>
